run,date,block,from_weight,to_weight,reason
2008,2008-04-04,cta,5.0,10.0,CTA до цілі 10% (скоринг 4)
2008,2008-05-16,cta,10.2,5.0,CTA до цілі 5% (скоринг 3)
2008,2008-05-30,cta,5.1,10.1,CTA до цілі 15% (скоринг 6)
2008,2008-06-13,cta,10.2,15.0,CTA до цілі 15% (скоринг 6)
2008,2008-06-20,cta,14.9,5.0,CTA до цілі 5% (скоринг 5)
2008,2008-10-10,cta,5.0,10.0,CTA до цілі 10% (скоринг 5)
2008,2008-10-24,equity,9.3,14.3,база акцій 15%
2008,2008-11-07,cta,10.4,5.0,CTA до цілі 5% (скоринг 3)
2008,2008-11-19,core,65.3,60.0,ребаланс ядра до цілі 60%
2008,2008-11-21,cta,4.9,9.9,CTA до цілі 10% (скоринг 4)
2008,2008-12-26,cta,8.5,5.0,CTA до цілі 5% (скоринг 3)
2008,2009-01-30,cta,5.5,10.0,скоринг CTA 4 → 10%
2008,2009-02-06,cta,9.9,5.0,CTA до цілі 5% (скоринг 3)
2008,2009-02-20,cta,5.2,10.0,CTA до цілі 10% (скоринг 4)
2008,2009-02-27,cta,10.1,5.0,скоринг CTA 3 → 5%
2008,2009-05-08,cta,4.7,9.7,CTA до цілі 10% (скоринг 4)
2008,2009-05-15,cta,9.5,5.0,CTA до цілі 5% (скоринг 2)
2008,2009-05-22,equity,16.3,20.0,ISAC вище SMA200 5 днів — розширення акцій до 20%
2008,2009-05-22,cta,5.2,10.0,CTA до цілі 10% (скоринг 5)
2008,2009-05-29,core,57.4,30.0,сходинка −20%: ядро −21.9% від піку 71.71
2008,2009-05-29,equity,20.5,15.0,вихід із додаткових акцій: ядро в сходинках продажу
2008,2009-05-29,cta,10.0,15.0,скоринг CTA 7 → 15%
2008,2009-06-05,cta,15.3,20.0,скоринг CTA 8 → 20%
2008,2009-06-26,cta,19.4,10.0,скоринг CTA 5 → 10%
2008,2009-08-07,cta,10.0,15.0,CTA до цілі 15% (скоринг 7)
2008,2009-08-14,cta,14.8,10.0,CTA до цілі 10% (скоринг 5)
2008,2009-09-25,cta,9.7,5.0,CTA до цілі 5% (скоринг 3)
2008,2009-10-09,cta,5.0,10.0,скоринг CTA 4 → 10%
2008,2009-10-16,cta,9.9,5.0,CTA до цілі 5% (скоринг 2)
2008,2010-01-08,equity,18.3,15.0,річний ребаланс бази акцій до 15%
2008,2010-01-08,cta,5.1,10.1,CTA до цілі 15% (скоринг 6)
2008,2010-01-15,cta,10.0,5.0,скоринг CTA 3 → 5%
2008,2010-03-26,cta,4.9,9.9,CTA до цілі 10% (скоринг 5)
2008,2010-05-07,cta,9.7,5.0,CTA до цілі 5% (скоринг 2)
2008,2010-05-14,core,30.3,40.0,повернення в ядро: TLT вище SMA200 11 днів поспіль
2008,2010-06-18,core,40.8,50.0,повернення в ядро: TLT вище SMA200 35 днів поспіль
2008,2010-07-02,core,51.3,60.0,повернення в ядро: TLT вище SMA200 45 днів поспіль; ядро відновлене — пік циклу скинуто
2008,2010-08-06,equity,14.0,19.0,ISAC вище SMA200 5 днів — розширення акцій до 20%
2008,2010-08-13,equity,18.1,15.0,вихід із додаткових акцій: ISAC нижче SMA200
2008,2010-09-17,equity,15.6,20.0,ISAC вище SMA200 7 днів — розширення акцій до 20%
2008,2010-09-17,cta,4.9,9.9,CTA до цілі 10% (скоринг 4)
2008,2010-10-01,equity,20.1,25.0,ISAC вище SMA200 17 днів — розширення акцій до 25%
2008,2010-10-01,cta,9.8,5.0,CTA до цілі 5% (скоринг 3)
2008,2010-10-13,equity,25.8,15.0,вихід із додаткових акцій: режим Стрес
2008,2010-11-05,equity,15.8,20.0,ISAC вище SMA200 42 днів — розширення акцій до 20%
2008,2010-11-05,cta,5.4,10.0,скоринг CTA 4 → 10%
2008,2010-11-11,equity,20.0,15.0,вихід із додаткових акцій: режим Стрес
2008,2010-11-12,cta,9.9,5.0,"зрізання CTA до 5%: DBMF і TLT у мінусі за 20 днів, кореляція за 60 днів > 0"
2008,2010-11-15,core,56.7,50.0,сходинка −7%: ядро −12.7% від піку 67.88
2008,2010-12-03,cta,5.0,10.0,CTA до цілі 15% (скоринг 7)
2008,2010-12-10,cta,10.1,15.1,скоринг CTA 8 → 20%
2008,2010-12-15,core,49.2,40.0,сходинка −14%: ядро −15.1% від піку 67.88
2008,2010-12-17,cta,15.2,20.0,CTA до цілі 20% (скоринг 8)
2008,2011-01-14,cta,20.2,15.0,CTA до цілі 15% (скоринг 7)
2008,2011-02-04,cta,15.2,20.0,скоринг CTA 9 → 20%
2008,2011-02-18,cta,20.0,15.0,CTA до цілі 15% (скоринг 7)
2008,2011-02-25,cta,14.7,10.0,CTA до цілі 10% (скоринг 5)
2008,2011-03-18,cta,9.8,5.0,CTA до цілі 5% (скоринг 3)
2008,2011-03-25,cta,5.0,10.0,CTA до цілі 10% (скоринг 4)
2008,2011-04-08,cta,10.3,15.0,CTA до цілі 15% (скоринг 6)
2008,2011-04-15,cta,14.7,10.0,скоринг CTA 4 → 10%
2008,2011-05-06,cta,9.8,5.0,CTA до цілі 5% (скоринг 2)
2008,2011-05-27,core,41.4,50.0,повернення в ядро: TLT вище SMA200 11 днів поспіль
2008,2011-06-10,core,50.6,60.0,повернення в ядро: TLT вище SMA200 20 днів поспіль; ядро відновлене — пік циклу скинуто
2008,2011-06-10,equity,15.4,20.0,ISAC вище SMA200 191 днів — розширення акцій до 20%
2008,2011-06-17,equity,19.9,24.9,ISAC вище SMA200 196 днів — розширення акцій до 25%
2008,2011-06-24,equity,24.8,15.0,вихід із додаткових акцій: ISAC нижче SMA200
2008,2011-07-01,equity,16.1,20.0,ISAC вище SMA200 5 днів — розширення акцій до 20%
2008,2011-07-08,equity,19.7,24.7,ISAC вище SMA200 9 днів — розширення акцій до 25%
2008,2011-08-05,equity,21.6,15.0,вихід із додаткових акцій: ISAC нижче SMA200
2008,2011-08-19,core,65.2,60.0,ребаланс ядра до цілі 60%
2008,2012-01-27,equity,14.2,19.2,ISAC вище SMA200 5 днів — розширення акцій до 20%
2008,2012-02-03,equity,19.5,24.5,ISAC вище SMA200 10 днів — розширення акцій до 25%
2008,2012-05-18,equity,22.3,15.0,вихід із додаткових акцій: ISAC нижче SMA200
2008,2012-07-06,equity,15.2,20.0,ISAC вище SMA200 5 днів — розширення акцій до 20%
2008,2012-07-13,equity,19.7,15.0,вихід із додаткових акцій: ISAC вище SMA200 лише 1 дн.
2008,2012-07-20,equity,15.1,20.0,ISAC вище SMA200 6 днів — розширення акцій до 20%
2008,2012-07-27,equity,20.3,15.0,вихід із додаткових акцій: ISAC вище SMA200 лише 2 дн.
2008,2012-08-03,equity,15.3,20.0,ISAC вище SMA200 7 днів — розширення акцій до 20%
2008,2012-11-16,equity,19.9,15.0,вихід із додаткових акцій: ISAC нижче SMA200
2008,2012-11-30,equity,15.8,20.0,ISAC вище SMA200 9 днів — розширення акцій до 20%
2008,2013-01-04,cta,4.3,8.1,скоринг CTA 5 → 10%; покупку урізано: мінімум кешу 10%
2008,2013-01-18,equity,21.3,15.0,база акцій 15%
2008,2013-01-18,cta,8.1,5.0,CTA до цілі 5% (скоринг 3)
2008,2013-01-25,cta,5.1,10.1,скоринг CTA 6 → 15%
2008,2013-02-01,core,59.6,50.0,сходинка −7%: ядро −11.5% від піку 88.63
2008,2013-02-01,cta,10.3,15.0,CTA до цілі 15% (скоринг 6)
2008,2013-02-08,cta,14.8,10.0,CTA до цілі 10% (скоринг 5)
2008,2013-02-15,cta,10.1,15.0,CTA до цілі 15% (скоринг 7)
2008,2013-03-01,cta,14.7,10.0,скоринг CTA 5 → 10%
2008,2013-03-08,cta,10.3,15.0,CTA до цілі 15% (скоринг 7)
2008,2013-04-05,cta,14.5,10.0,CTA до цілі 10% (скоринг 4)
2008,2013-04-26,core,51.5,60.0,повернення в ядро: TLT вище SMA200 11 днів поспіль; ядро відновлене — пік циклу скинуто
2008,2013-05-10,cta,10.4,15.0,скоринг CTA 6 → 15%
2008,2013-05-31,core,58.2,50.0,сходинка −7%: ядро −7.7% від піку 84.78
2008,2013-05-31,cta,15.1,20.0,CTA до цілі 20% (скоринг 8)
2008,2013-06-07,cta,19.9,15.0,CTA до цілі 15% (скоринг 7)
2008,2013-07-05,cta,15.6,20.0,CTA до цілі 20% (скоринг 8)
2008,2013-07-19,cta,19.5,15.0,скоринг CTA 6 → 15%
2008,2013-08-16,core,47.6,40.0,сходинка −14%: ядро −16.0% від піку 84.78
2008,2013-08-16,cta,15.4,20.0,CTA до цілі 20% (скоринг 8)
2008,2013-08-30,cta,19.8,15.0,CTA до цілі 15% (скоринг 6)
2008,2013-09-06,cta,15.2,20.0,CTA до цілі 20% (скоринг 8)
2008,2013-09-13,cta,19.9,15.0,CTA до цілі 15% (скоринг 7)
2008,2013-09-27,cta,14.6,10.0,CTA до цілі 10% (скоринг 5)
2008,2013-10-25,cta,10.0,5.0,скоринг CTA 3 → 5%
2008,2013-11-01,cta,5.0,10.0,CTA до цілі 10% (скоринг 5)
2008,2013-11-15,cta,10.2,15.0,CTA до цілі 15% (скоринг 7)
2008,2013-11-22,cta,15.1,20.0,CTA до цілі 20% (скоринг 8)
2008,2013-12-13,cta,20.2,15.0,CTA до цілі 15% (скоринг 6)
2008,2013-12-27,cta,15.4,20.0,CTA до цілі 20% (скоринг 8)
2008,2014-01-03,equity,18.4,15.0,річний ребаланс бази акцій до 15%
2008,2014-01-03,cta,19.8,15.0,скоринг CTA 7 → 15%
2008,2014-01-17,cta,14.9,10.0,скоринг CTA 5 → 10%
2008,2014-01-24,cta,9.8,5.0,скоринг CTA 3 → 5%
2008,2014-02-28,core,40.8,50.0,повернення в ядро: TLT вище SMA200 11 днів поспіль
2008,2014-03-14,core,50.3,60.0,повернення в ядро: TLT вище SMA200 21 днів поспіль; ядро відновлене — пік циклу скинуто
2008,2014-03-14,equity,14.6,19.6,ISAC вище SMA200 182 днів — розширення акцій до 20%
2008,2014-03-21,equity,19.8,24.8,ISAC вище SMA200 187 днів — розширення акцій до 25%
2008,2014-08-01,equity,24.6,15.0,база акцій 15%
2008,2014-08-08,equity,14.8,19.8,ISAC вище SMA200 284 днів — розширення акцій до 20%
2008,2014-09-12,cta,4.7,9.3,скоринг CTA 4 → 10%; покупку урізано: мінімум кешу 10%
2008,2014-09-19,cta,9.4,5.0,скоринг CTA 3 → 5%
2008,2014-09-26,cta,5.0,9.3,скоринг CTA 4 → 10%; покупку урізано: мінімум кешу 10%
2008,2014-10-03,equity,19.3,15.0,вихід із додаткових акцій: ISAC нижче SMA200
2008,2014-10-03,cta,9.2,5.0,CTA до цілі 5% (скоринг 3)
2008,2014-10-17,cta,4.9,9.9,CTA до цілі 10% (скоринг 4)
2008,2014-10-24,cta,9.9,5.0,CTA до цілі 5% (скоринг 3)
2008,2014-10-31,cta,5.0,10.0,скоринг CTA 4 → 10%
2008,2014-11-14,equity,15.1,20.0,ISAC вище SMA200 13 днів — розширення акцій до 20%
2008,2014-11-14,cta,10.2,5.0,CTA до цілі 5% (скоринг 3)
2008,2014-12-05,equity,20.0,15.0,вихід із додаткових акцій: режим Стрес
2008,2014-12-19,cta,5.1,10.0,CTA до цілі 10% (скоринг 4)
2008,2015-01-23,cta,10.2,5.0,скоринг CTA 3 → 5%
2008,2015-01-30,cta,4.9,9.9,CTA до цілі 10% (скоринг 4)
2008,2015-02-13,cta,10.1,12.9,скоринг CTA 6 → 15%; покупку урізано: мінімум кешу 10%
2008,2015-02-20,cta,13.0,5.0,"зрізання CTA до 5%: DBMF і TLT у мінусі за 20 днів, кореляція за 60 днів > 0"
2008,2015-02-27,equity,14.5,19.5,ISAC вище SMA200 18 днів — розширення акцій до 20%
2008,2015-03-06,cta,5.2,8.4,CTA до цілі 15% (скоринг 6); покупку урізано: мінімум кешу 10%
2008,2015-03-13,equity,19.1,15.0,вихід із додаткових акцій: ISAC нижче SMA200
2008,2015-04-10,equity,15.3,20.0,ISAC вище SMA200 19 днів — розширення акцій до 20%
2008,2015-04-10,cta,8.4,5.0,CTA до цілі 5% (скоринг 3)
2008,2015-05-12,core,61.0,50.0,сходинка −7%: ядро −12.6% від піку 99.45
2008,2015-05-12,equity,21.1,15.0,"вихід із додаткових акцій: режим Стрес, ядро в сходинках продажу"
2008,2015-06-03,core,49.5,40.0,сходинка −14%: ядро −14.1% від піку 99.45
2008,2015-06-05,cta,5.0,10.0,скоринг CTA 6 → 15%
2008,2015-06-12,cta,9.8,5.0,CTA до цілі 5% (скоринг 5)
2008,2015-07-17,cta,4.9,9.9,CTA до цілі 15% (скоринг 6)
2008,2015-08-07,cta,9.9,5.0,CTA до цілі 5% (скоринг 2)
2008,2015-08-21,cta,5.1,10.0,скоринг CTA 4 → 10%
2008,2015-09-04,cta,10.3,15.0,скоринг CTA 6 → 15%
2008,2015-09-11,cta,14.9,10.0,CTA до цілі 10% (скоринг 4)
2008,2015-10-09,cta,9.7,5.0,CTA до цілі 5% (скоринг 3)
2008,2015-11-20,cta,5.1,10.0,скоринг CTA 4 → 10%
2008,2015-11-27,cta,10.1,5.0,скоринг CTA 3 → 5%
2008,2016-01-15,core,43.0,50.0,повернення в ядро: TLT вище SMA200 10 днів поспіль
2008,2016-03-11,core,50.0,60.0,повернення в ядро: TLT вище SMA200 48 днів поспіль; ядро відновлене — пік циклу скинуто
2008,2016-04-15,equity,13.4,18.4,ISAC вище SMA200 6 днів — розширення акцій до 20%
2008,2016-04-22,equity,18.9,23.9,ISAC вище SMA200 11 днів — розширення акцій до 25%
2008,2016-05-20,equity,23.2,15.0,вихід із додаткових акцій: ISAC вище SMA200 лише 1 дн.
2008,2016-05-27,equity,15.3,20.0,ISAC вище SMA200 6 днів — розширення акцій до 20%
2008,2016-07-01,equity,19.0,15.0,вихід із додаткових акцій: ISAC вище SMA200 лише 3 дн.
2008,2016-07-08,equity,14.8,19.8,ISAC вище SMA200 7 днів — розширення акцій до 20%
2008,2016-11-18,core,58.8,40.0,сходинка −14%: ядро −15.2% від піку 107.17
2008,2016-11-18,equity,22.5,15.0,"вихід із додаткових акцій: режим Стрес, ядро в сходинках продажу"
2008,2016-12-16,cta,4.5,9.5,CTA до цілі 15% (скоринг 6)
2008,2016-12-23,cta,9.4,5.0,CTA до цілі 5% (скоринг 6)
2008,2016-12-30,cta,5.0,10.0,CTA до цілі 10% (скоринг 4)
2008,2017-04-13,cta,9.6,5.0,CTA до цілі 5% (скоринг 3)
2008,2017-05-05,cta,4.9,9.9,CTA до цілі 10% (скоринг 4)
2008,2017-05-19,cta,9.7,5.0,CTA до цілі 5% (скоринг 3)
2008,2017-06-16,core,40.7,50.0,повернення в ядро: TLT вище SMA200 14 днів поспіль
2008,2017-06-30,core,49.8,60.0,повернення в ядро: TLT вище SMA200 24 днів поспіль; ядро відновлене — пік циклу скинуто
2008,2017-06-30,equity,16.6,20.0,ISAC вище SMA200 254 днів — розширення акцій до 20%
2008,2017-07-07,equity,20.2,25.0,ISAC вище SMA200 258 днів — розширення акцій до 25%
2008,2017-09-15,equity,25.4,15.0,база акцій 15%
2008,2017-09-22,equity,15.1,20.0,ISAC вище SMA200 312 днів — розширення акцій до 20%
2008,2017-09-29,equity,20.2,25.0,ISAC вище SMA200 317 днів — розширення акцій до 25%
2008,2018-02-02,equity,27.3,15.0,вихід із додаткових акцій: режим Стрес
2008,2018-02-02,cta,5.2,10.2,скоринг CTA 6 → 15%
2008,2018-02-07,core,57.1,50.0,сходинка −7%: ядро −7.1% від піку 99.29
2008,2018-02-09,cta,9.7,14.7,CTA до цілі 15% (скоринг 6)
2008,2018-02-16,cta,15.0,20.0,скоринг CTA 8 → 20%
2008,2018-02-23,cta,20.0,15.0,CTA до цілі 15% (скоринг 7)
2008,2018-03-02,cta,14.8,10.0,CTA до цілі 10% (скоринг 5)
2008,2018-03-29,cta,9.8,5.0,скоринг CTA 3 → 5%
2008,2018-04-06,cta,5.0,10.0,CTA до цілі 10% (скоринг 4)
2008,2018-04-20,cta,10.2,15.0,скоринг CTA 6 → 15%
2008,2018-04-27,cta,14.8,10.0,скоринг CTA 5 → 10%
2008,2018-06-29,cta,9.7,5.0,CTA до цілі 5% (скоринг 1)
2008,2018-07-13,core,51.1,60.0,повернення в ядро: TLT вище SMA200 12 днів поспіль; ядро відновлене — пік циклу скинуто
2008,2018-07-13,equity,14.5,19.5,ISAC вище SMA200 6 днів — розширення акцій до 20%
2008,2018-07-20,equity,19.7,24.7,ISAC вище SMA200 11 днів — розширення акцій до 25%
2008,2018-08-17,equity,24.5,15.0,вихід із додаткових акцій: ISAC вище SMA200 лише 2 дн.
2008,2018-08-24,equity,15.1,20.0,ISAC вище SMA200 7 днів — розширення акцій до 20%
2008,2018-08-31,equity,20.2,25.0,ISAC вище SMA200 12 днів — розширення акцій до 25%
2008,2018-10-05,core,58.1,50.0,сходинка −7%: ядро −7.3% від піку 96.28
2008,2018-10-05,equity,25.7,15.0,вихід із додаткових акцій: ядро в сходинках продажу
2008,2018-10-05,cta,5.4,10.4,CTA до цілі 20% (скоринг 8)
2008,2018-10-12,cta,10.1,15.0,CTA до цілі 15% (скоринг 6)
2008,2018-10-26,cta,15.0,10.0,CTA до цілі 10% (скоринг 4)
2008,2018-11-09,cta,9.8,5.0,скоринг CTA 3 → 5%
2008,2018-11-16,cta,4.9,9.9,скоринг CTA 4 → 10%
2008,2018-11-23,cta,10.0,5.0,CTA до цілі 5% (скоринг 3)
2008,2019-03-01,core,51.9,60.0,повернення в ядро: TLT вище SMA200 59 днів поспіль; ядро відновлене — пік циклу скинуто
2008,2019-03-01,equity,14.5,19.5,ISAC вище SMA200 10 днів — розширення акцій до 20%
2008,2019-03-08,equity,18.8,15.0,вихід із додаткових акцій: ISAC нижче SMA200
2008,2019-03-15,equity,15.4,20.0,ISAC вище SMA200 5 днів — розширення акцій до 20%
2008,2019-04-26,cta,4.8,9.3,скоринг CTA 4 → 10%; покупку урізано: мінімум кешу 10%
2008,2019-05-03,cta,9.3,5.0,CTA до цілі 5% (скоринг 2)
2008,2019-05-31,equity,18.5,15.0,вихід із додаткових акцій: ISAC нижче SMA200
2008,2019-06-07,cta,4.9,9.9,скоринг CTA 4 → 10%
2008,2019-06-28,equity,15.7,20.0,ISAC вище SMA200 19 днів — розширення акцій до 20%
2008,2019-06-28,cta,9.9,5.0,скоринг CTA 3 → 5%
2008,2019-07-05,cta,5.1,7.8,скоринг CTA 4 → 10%; покупку урізано: мінімум кешу 10%
2008,2019-07-19,cta,7.8,5.0,CTA до цілі 5% (скоринг 4)
2008,2019-08-09,cta,4.9,7.4,CTA до цілі 10% (скоринг 4); покупку урізано: мінімум кешу 10%
2008,2019-09-13,cta,7.4,5.0,CTA до цілі 5% (скоринг 5)
2008,2019-10-04,cta,5.1,7.1,CTA до цілі 10% (скоринг 4); покупку урізано: мінімум кешу 10%
2008,2019-10-18,cta,7.1,5.0,"зрізання CTA до 5%: DBMF і TLT у мінусі за 20 днів, кореляція за 60 днів > 0"
2008,2019-11-08,equity,20.3,15.0,база акцій 15%
2008,2019-11-15,equity,14.9,19.9,ISAC вище SMA200 117 днів — розширення акцій до 20%
2008,2019-12-20,cta,5.1,7.7,CTA до цілі 10% (скоринг 4); покупку урізано: мінімум кешу 10%
2008,2020-01-03,equity,20.3,15.0,річний ребаланс бази акцій до 15%
2008,2020-01-03,cta,7.6,5.0,CTA до цілі 5% (скоринг 2)
2008,2020-01-10,equity,15.1,20.0,ISAC вище SMA200 154 днів — розширення акцій до 20%
2008,2020-02-28,core,66.1,60.0,ядро до цілі 60%
2008,2020-03-06,cta,4.6,9.6,скоринг CTA 4 → 10%
2008,2020-03-13,cta,9.9,5.0,CTA до цілі 5% (скоринг 2)
2008,2020-07-10,equity,17.1,20.0,ISAC вище SMA200 9 днів — розширення акцій до 20%
2008,2020-11-13,cta,4.6,8.8,скоринг CTA 4 → 10%; покупку урізано: мінімум кешу 10%
2008,2020-11-27,equity,22.9,15.0,база акцій 15%
2008,2020-12-04,core,57.6,50.0,сходинка −7%: ядро −9.2% від піку 141.02
2008,2020-12-04,cta,8.9,13.9,скоринг CTA 6 → 15%
2008,2020-12-11,cta,13.8,10.0,CTA до цілі 10% (скоринг 4)
2008,2020-12-18,cta,10.2,15.0,CTA до цілі 15% (скоринг 6)
2008,2020-12-24,cta,14.8,10.0,CTA до цілі 10% (скоринг 4)
2008,2021-01-08,cta,10.5,15.0,CTA до цілі 15% (скоринг 7)
2008,2021-02-19,core,47.0,40.0,сходинка −14%: ядро −16.0% від піку 141.02
2008,2021-02-19,cta,15.8,20.0,скоринг CTA 8 → 20%
2008,2021-03-12,core,38.7,30.0,сходинка −20%: ядро −20.1% від піку 141.02
2008,2021-03-12,cta,20.9,25.0,скоринг CTA 10 → 25%
2008,2021-03-26,cta,24.6,20.0,скоринг CTA 8 → 20%
2008,2021-04-16,cta,20.0,15.0,CTA до цілі 15% (скоринг 7)
2008,2021-06-18,cta,14.8,10.0,скоринг CTA 5 → 10%
2008,2021-06-25,cta,10.2,15.0,CTA до цілі 15% (скоринг 7)
2008,2021-07-09,cta,14.8,10.0,CTA до цілі 10% (скоринг 5)
2008,2021-07-30,core,31.6,40.0,повернення в ядро: TLT вище SMA200 12 днів поспіль
2008,2021-08-06,cta,9.8,5.0,скоринг CTA 3 → 5%
2008,2021-08-13,core,39.8,50.0,повернення в ядро: TLT вище SMA200 22 днів поспіль
2008,2021-08-27,core,50.1,60.0,повернення в ядро: TLT вище SMA200 32 днів поспіль; ядро відновлене — пік циклу скинуто
2008,2021-08-27,equity,17.9,20.0,ISAC вище SMA200 295 днів — розширення акцій до 20%
2008,2021-09-03,equity,20.3,25.0,ISAC вище SMA200 300 днів — розширення акцій до 25%
2008,2021-12-06,equity,24.2,15.0,вихід із додаткових акцій: режим Стрес
2008,2021-12-17,equity,15.2,20.0,ISAC вище SMA200 373 днів — розширення акцій до 20%
2008,2022-01-07,cta,5.2,10.0,CTA до цілі 10% (скоринг 5)
2008,2022-01-21,equity,20.3,15.0,вихід із додаткових акцій: ISAC нижче SMA200
2008,2022-01-25,core,59.5,50.0,сходинка −7%: ядро −7.8% від піку 129.36
2008,2022-01-28,cta,10.2,15.0,CTA до цілі 15% (скоринг 7)
2008,2022-02-11,cta,15.4,20.0,скоринг CTA 8 → 20%
2008,2022-02-18,cta,19.7,15.0,CTA до цілі 15% (скоринг 7)
2008,2022-03-11,cta,16.3,20.0,CTA до цілі 20% (скоринг 8)
2008,2022-03-14,core,48.0,40.0,сходинка −14%: ядро −14.3% від піку 129.36
2008,2022-03-25,cta,20.9,25.0,CTA до цілі 25% (скоринг 10)
2008,2022-04-14,core,36.9,30.0,сходинка −20%: ядро −21.3% від піку 129.36
2008,2022-04-29,cta,27.3,20.0,скоринг CTA 9 → 20%
2008,2022-05-06,cta,20.8,25.0,CTA до цілі 25% (скоринг 10)
2008,2022-05-13,cta,24.8,20.0,CTA до цілі 20% (скоринг 9)
2008,2022-06-17,cta,20.7,25.0,CTA до цілі 25% (скоринг 10)
2008,2022-07-01,cta,24.4,20.0,CTA до цілі 20% (скоринг 8)
2008,2022-07-29,cta,19.3,15.0,CTA до цілі 15% (скоринг 6)
2008,2022-08-12,cta,14.9,10.0,CTA до цілі 10% (скоринг 5)
2008,2022-08-19,cta,10.3,15.3,скоринг CTA 8 → 20%
2008,2022-08-26,cta,15.3,20.0,скоринг CTA 8 → 20%
2008,2022-09-30,cta,22.0,25.0,CTA до цілі 25% (скоринг 10)
2008,2022-10-28,cta,25.3,20.0,CTA до цілі 20% (скоринг 9)
2008,2022-11-11,cta,18.8,15.0,CTA до цілі 15% (скоринг 6)
2008,2022-12-09,cta,14.2,10.0,скоринг CTA 4 → 10%
2008,2022-12-30,cta,10.3,15.0,CTA до цілі 15% (скоринг 6)
2008,2023-01-13,cta,14.3,10.0,CTA до цілі 10% (скоринг 4)
2008,2023-01-27,cta,10.0,5.0,CTA до цілі 5% (скоринг 3)
2008,2023-02-03,cta,4.9,9.9,скоринг CTA 4 → 10%
2008,2023-02-24,cta,10.3,15.0,CTA до цілі 15% (скоринг 6)
2008,2023-03-10,cta,14.3,5.0,скоринг CTA 3 → 5%
2008,2023-04-14,core,27.7,40.0,повернення в ядро: TLT вище SMA200 10 днів поспіль
2008,2023-06-30,cta,5.0,10.0,CTA до цілі 10% (скоринг 4)
2008,2023-07-14,cta,9.9,5.0,CTA до цілі 5% (скоринг 2)
2008,2023-07-28,cta,5.1,10.0,скоринг CTA 5 → 10%
2008,2023-08-04,cta,10.1,15.0,CTA до цілі 15% (скоринг 6)
2008,2023-08-11,core,37.3,30.0,сходинка −20%: ядро −35.5% від піку 129.36
2008,2023-08-25,cta,15.3,20.0,CTA до цілі 20% (скоринг 8)
2008,2023-09-01,cta,19.9,15.0,скоринг CTA 7 → 15%
2008,2023-09-22,cta,15.5,20.0,CTA до цілі 20% (скоринг 8)
2008,2023-10-27,cta,20.8,25.0,CTA до цілі 25% (скоринг 10)
2008,2023-11-03,cta,24.0,15.0,CTA до цілі 15% (скоринг 6)
2008,2023-11-24,cta,14.6,10.0,CTA до цілі 10% (скоринг 5)
2008,2023-12-15,cta,9.3,5.0,CTA до цілі 5% (скоринг 2)
2008,2023-12-29,core,30.7,40.0,повернення в ядро: TLT вище SMA200 12 днів поспіль
2008,2024-01-12,core,39.4,50.0,повернення в ядро: TLT вище SMA200 21 днів поспіль
2008,2024-01-19,cta,5.2,10.0,скоринг CTA 4 → 10%
2008,2024-01-26,core,49.1,30.0,сходинка −20%: ядро −35.6% від піку 129.36
2008,2024-02-02,cta,10.0,5.0,CTA до цілі 5% (скоринг 0)
2008,2024-02-09,cta,5.0,10.0,скоринг CTA 4 → 10%
2008,2024-03-08,cta,10.0,5.0,CTA до цілі 5% (скоринг 1)
2008,2024-04-05,cta,5.4,10.0,CTA до цілі 10% (скоринг 5)
2008,2024-04-19,cta,10.2,15.0,CTA до цілі 15% (скоринг 7)
2008,2024-05-03,cta,14.7,10.0,скоринг CTA 5 → 10%
2008,2024-05-10,cta,10.1,5.0,CTA до цілі 5% (скоринг 3)
2008,2024-05-31,cta,5.0,10.0,CTA до цілі 10% (скоринг 4)
2008,2024-06-07,cta,9.9,5.0,CTA до цілі 5% (скоринг 3)
2008,2024-06-14,core,29.6,40.0,повернення в ядро: TLT вище SMA200 10 днів поспіль
2008,2024-06-21,cta,5.0,10.0,CTA до цілі 10% (скоринг 4)
2008,2024-06-28,core,39.0,50.0,повернення в ядро: TLT вище SMA200 19 днів поспіль
2008,2024-06-28,cta,10.2,5.0,CTA до цілі 5% (скоринг 2)
2008,2024-07-19,core,50.3,60.0,повернення в ядро: TLT вище SMA200 13 днів поспіль; ядро відновлене — пік циклу скинуто
2008,2024-07-26,equity,18.4,23.4,ISAC вище SMA200 182 днів — розширення акцій до 25%
2008,2024-08-07,equity,22.5,15.0,вихід із додаткових акцій: режим Стрес
2008,2024-08-23,equity,15.5,20.0,ISAC вище SMA200 202 днів — розширення акцій до 20%
2008,2024-09-09,equity,19.3,15.0,вихід із додаткових акцій: режим Стрес
2008,2024-09-20,equity,15.6,20.0,ISAC вище SMA200 221 днів — розширення акцій до 20%
2008,2024-10-09,equity,20.8,15.0,вихід із додаткових акцій: режим Стрес
2008,2024-10-21,core,59.8,50.0,сходинка −7%: ядро −8.7% від піку 92.44
2008,2025-01-10,cta,4.7,9.7,скоринг CTA 6 → 15%
2008,2025-01-17,cta,9.6,14.6,CTA до цілі 15% (скоринг 7)
2008,2025-01-24,cta,14.3,10.0,скоринг CTA 4 → 10%
2008,2025-02-28,cta,9.5,5.0,CTA до цілі 5% (скоринг 3)
2008,2025-03-07,cta,5.0,10.0,CTA до цілі 10% (скоринг 4)
2008,2025-03-21,cta,10.0,5.0,CTA до цілі 5% (скоринг 3)
2008,2025-04-11,cta,5.1,10.1,CTA до цілі 15% (скоринг 6)
2008,2025-04-17,cta,10.1,15.0,скоринг CTA 6 → 15%
2008,2025-04-25,cta,15.0,10.0,CTA до цілі 10% (скоринг 4)
2008,2025-05-02,cta,9.9,14.9,скоринг CTA 6 → 15%
2008,2025-05-09,cta,15.0,10.0,CTA до цілі 10% (скоринг 4)
2008,2025-05-23,core,48.0,40.0,сходинка −14%: ядро −14.2% від піку 92.44
2008,2025-05-23,cta,10.1,5.0,CTA до цілі 5% (скоринг 6)
2008,2025-05-30,cta,4.9,9.9,CTA до цілі 15% (скоринг 6)
2008,2025-06-06,cta,10.0,15.0,CTA до цілі 15% (скоринг 6)
2008,2025-06-20,cta,15.1,10.0,CTA до цілі 10% (скоринг 4)
2008,2025-08-01,cta,9.8,5.0,CTA до цілі 5% (скоринг 3)
2008,2025-08-15,cta,5.1,10.0,скоринг CTA 4 → 10%
2008,2025-08-22,cta,10.0,5.0,CTA до цілі 5% (скоринг 3)
2008,2025-08-29,cta,5.0,10.0,скоринг CTA 4 → 10%
2008,2025-09-05,cta,10.0,5.0,CTA до цілі 5% (скоринг 3)
2008,2025-09-19,core,40.3,50.0,повернення в ядро: TLT вище SMA200 13 днів поспіль
2008,2025-10-03,core,50.0,60.0,повернення в ядро: TLT вище SMA200 23 днів поспіль; ядро відновлене — пік циклу скинуто
2008,2025-10-03,equity,17.3,20.0,ISAC вище SMA200 108 днів — розширення акцій до 20%
2008,2026-03-13,cta,6.0,10.0,CTA до цілі 10% (скоринг 4)
2008,2026-03-20,equity,20.0,25.0,ISAC вище SMA200 223 днів — розширення акцій до 25%
2008,2026-03-20,cta,9.8,5.0,"зрізання CTA до 5%: DBMF і TLT у мінусі за 20 днів, кореляція за 60 днів > 0"
2008,2026-03-26,equity,24.9,15.0,вихід із додаткових акцій: режим Стрес
2008,2026-04-02,cta,5.0,10.0,скоринг CTA 5 → 10%
2008,2026-04-10,cta,10.0,5.0,CTA до цілі 5% (скоринг 4)
2008,2026-04-17,equity,16.1,20.0,ISAC вище SMA200 12 днів — розширення акцій до 20%
2008,2026-04-24,equity,19.9,24.9,ISAC вище SMA200 17 днів — розширення акцій до 25%
2008,2026-07-31,core,56.8,50.0,сходинка −7%: ядро −7.7% від піку 88.09
2008,2026-07-31,equity,26.3,15.0,вихід із додаткових акцій: ядро в сходинках продажу
2008,2026-07-31,cta,5.1,10.1,скоринг CTA 6 → 15%
2008,2026-08-14,cta,10.2,15.0,CTA до цілі 15% (скоринг 7)
2008,2026-08-28,cta,14.9,10.0,CTA до цілі 10% (скоринг 5)
2008,2026-09-11,cta,10.3,15.3,CTA до цілі 20% (скоринг 9)
2008,2026-09-18,cta,15.4,20.0,CTA до цілі 20% (скоринг 9)
2008,2026-09-25,cta,20.3,25.0,CTA до цілі 25% (скоринг 10)
2010,2010-08-06,equity,15.6,20.0,ISAC вище SMA200 5 днів — розширення акцій до 20%
2010,2010-08-13,equity,19.1,15.0,вихід із додаткових акцій: ISAC нижче SMA200
2010,2010-09-17,cta,4.8,9.8,CTA до цілі 10% (скоринг 4)
2010,2010-10-01,equity,15.7,20.0,ISAC вище SMA200 17 днів — розширення акцій до 20%
2010,2010-10-01,cta,9.7,5.0,CTA до цілі 5% (скоринг 3)
2010,2010-10-13,equity,20.7,15.0,вихід із додаткових акцій: режим Стрес
2010,2010-11-05,equity,15.8,20.0,ISAC вище SMA200 42 днів — розширення акцій до 20%
2010,2010-11-05,cta,5.4,10.0,скоринг CTA 4 → 10%
2010,2010-11-11,equity,20.0,15.0,вихід із додаткових акцій: режим Стрес
2010,2010-11-12,cta,9.9,5.0,"зрізання CTA до 5%: DBMF і TLT у мінусі за 20 днів, кореляція за 60 днів > 0"
2010,2010-11-15,core,58.3,50.0,сходинка −7%: ядро −12.7% від піку 67.88
2010,2010-12-03,cta,5.0,10.0,CTA до цілі 15% (скоринг 7)
2010,2010-12-10,cta,10.1,15.1,скоринг CTA 8 → 20%
2010,2010-12-15,core,49.2,40.0,сходинка −14%: ядро −15.1% від піку 67.88
2010,2010-12-17,cta,15.2,20.0,CTA до цілі 20% (скоринг 8)
2010,2011-01-14,cta,20.2,15.0,CTA до цілі 15% (скоринг 7)
2010,2011-02-04,cta,15.2,20.0,скоринг CTA 9 → 20%
2010,2011-02-18,cta,20.0,15.0,CTA до цілі 15% (скоринг 7)
2010,2011-02-25,cta,14.7,10.0,CTA до цілі 10% (скоринг 5)
2010,2011-03-18,cta,9.8,5.0,CTA до цілі 5% (скоринг 3)
2010,2011-03-25,cta,5.0,10.0,CTA до цілі 10% (скоринг 4)
2010,2011-04-08,cta,10.3,15.0,CTA до цілі 15% (скоринг 6)
2010,2011-04-15,cta,14.7,10.0,скоринг CTA 4 → 10%
2010,2011-05-06,cta,9.8,5.0,CTA до цілі 5% (скоринг 2)
2010,2011-05-27,core,41.4,50.0,повернення в ядро: TLT вище SMA200 11 днів поспіль
2010,2011-06-10,core,50.6,60.0,повернення в ядро: TLT вище SMA200 20 днів поспіль; ядро відновлене — пік циклу скинуто
2010,2011-06-10,equity,15.4,20.0,ISAC вище SMA200 191 днів — розширення акцій до 20%
2010,2011-06-17,equity,19.9,24.9,ISAC вище SMA200 196 днів — розширення акцій до 25%
2010,2011-06-24,equity,24.8,15.0,вихід із додаткових акцій: ISAC нижче SMA200
2010,2011-07-01,equity,16.1,20.0,ISAC вище SMA200 5 днів — розширення акцій до 20%
2010,2011-07-08,equity,19.7,24.7,ISAC вище SMA200 9 днів — розширення акцій до 25%
2010,2011-08-05,equity,21.6,15.0,вихід із додаткових акцій: ISAC нижче SMA200
2010,2011-08-19,core,65.2,60.0,ребаланс ядра до цілі 60%
2010,2012-01-27,equity,14.2,19.2,ISAC вище SMA200 5 днів — розширення акцій до 20%
2010,2012-02-03,equity,19.5,24.5,ISAC вище SMA200 10 днів — розширення акцій до 25%
2010,2012-05-18,equity,22.3,15.0,вихід із додаткових акцій: ISAC нижче SMA200
2010,2012-07-06,equity,15.2,20.0,ISAC вище SMA200 5 днів — розширення акцій до 20%
2010,2012-07-13,equity,19.7,15.0,вихід із додаткових акцій: ISAC вище SMA200 лише 1 дн.
2010,2012-07-20,equity,15.1,20.0,ISAC вище SMA200 6 днів — розширення акцій до 20%
2010,2012-07-27,equity,20.3,15.0,вихід із додаткових акцій: ISAC вище SMA200 лише 2 дн.
2010,2012-08-03,equity,15.3,20.0,ISAC вище SMA200 7 днів — розширення акцій до 20%
2010,2012-11-16,equity,19.9,15.0,вихід із додаткових акцій: ISAC нижче SMA200
2010,2012-11-30,equity,15.8,20.0,ISAC вище SMA200 9 днів — розширення акцій до 20%
2010,2013-01-04,cta,4.3,8.1,скоринг CTA 5 → 10%; покупку урізано: мінімум кешу 10%
2010,2013-01-18,equity,21.3,15.0,база акцій 15%
2010,2013-01-18,cta,8.1,5.0,CTA до цілі 5% (скоринг 3)
2010,2013-01-25,cta,5.1,10.1,скоринг CTA 6 → 15%
2010,2013-02-01,core,59.6,50.0,сходинка −7%: ядро −11.5% від піку 88.63
2010,2013-02-01,cta,10.3,15.0,CTA до цілі 15% (скоринг 6)
2010,2013-02-08,cta,14.8,10.0,CTA до цілі 10% (скоринг 5)
2010,2013-02-15,cta,10.1,15.0,CTA до цілі 15% (скоринг 7)
2010,2013-03-01,cta,14.7,10.0,скоринг CTA 5 → 10%
2010,2013-03-08,cta,10.3,15.0,CTA до цілі 15% (скоринг 7)
2010,2013-04-05,cta,14.5,10.0,CTA до цілі 10% (скоринг 4)
2010,2013-04-26,core,51.5,60.0,повернення в ядро: TLT вище SMA200 11 днів поспіль; ядро відновлене — пік циклу скинуто
2010,2013-05-10,cta,10.4,15.0,скоринг CTA 6 → 15%
2010,2013-05-31,core,58.2,50.0,сходинка −7%: ядро −7.7% від піку 84.78
2010,2013-05-31,cta,15.1,20.0,CTA до цілі 20% (скоринг 8)
2010,2013-06-07,cta,19.9,15.0,CTA до цілі 15% (скоринг 7)
2010,2013-07-05,cta,15.6,20.0,CTA до цілі 20% (скоринг 8)
2010,2013-07-19,cta,19.5,15.0,скоринг CTA 6 → 15%
2010,2013-08-16,core,47.6,40.0,сходинка −14%: ядро −16.0% від піку 84.78
2010,2013-08-16,cta,15.4,20.0,CTA до цілі 20% (скоринг 8)
2010,2013-08-30,cta,19.8,15.0,CTA до цілі 15% (скоринг 6)
2010,2013-09-06,cta,15.2,20.0,CTA до цілі 20% (скоринг 8)
2010,2013-09-13,cta,19.9,15.0,CTA до цілі 15% (скоринг 7)
2010,2013-09-27,cta,14.6,10.0,CTA до цілі 10% (скоринг 5)
2010,2013-10-25,cta,10.0,5.0,скоринг CTA 3 → 5%
2010,2013-11-01,cta,5.0,10.0,CTA до цілі 10% (скоринг 5)
2010,2013-11-15,cta,10.2,15.0,CTA до цілі 15% (скоринг 7)
2010,2013-11-22,cta,15.1,20.0,CTA до цілі 20% (скоринг 8)
2010,2013-12-13,cta,20.2,15.0,CTA до цілі 15% (скоринг 6)
2010,2013-12-27,cta,15.4,20.0,CTA до цілі 20% (скоринг 8)
2010,2014-01-03,equity,18.4,15.0,річний ребаланс бази акцій до 15%
2010,2014-01-03,cta,19.8,15.0,скоринг CTA 7 → 15%
2010,2014-01-17,cta,14.9,10.0,скоринг CTA 5 → 10%
2010,2014-01-24,cta,9.8,5.0,скоринг CTA 3 → 5%
2010,2014-02-28,core,40.8,50.0,повернення в ядро: TLT вище SMA200 11 днів поспіль
2010,2014-03-14,core,50.3,60.0,повернення в ядро: TLT вище SMA200 21 днів поспіль; ядро відновлене — пік циклу скинуто
2010,2014-03-14,equity,14.6,19.6,ISAC вище SMA200 182 днів — розширення акцій до 20%
2010,2014-03-21,equity,19.8,24.8,ISAC вище SMA200 187 днів — розширення акцій до 25%
2010,2014-08-01,equity,24.6,15.0,база акцій 15%
2010,2014-08-08,equity,14.8,19.8,ISAC вище SMA200 284 днів — розширення акцій до 20%
2010,2014-09-12,cta,4.7,9.3,скоринг CTA 4 → 10%; покупку урізано: мінімум кешу 10%
2010,2014-09-19,cta,9.4,5.0,скоринг CTA 3 → 5%
2010,2014-09-26,cta,5.0,9.3,скоринг CTA 4 → 10%; покупку урізано: мінімум кешу 10%
2010,2014-10-03,equity,19.3,15.0,вихід із додаткових акцій: ISAC нижче SMA200
2010,2014-10-03,cta,9.2,5.0,CTA до цілі 5% (скоринг 3)
2010,2014-10-17,cta,4.9,9.9,CTA до цілі 10% (скоринг 4)
2010,2014-10-24,cta,9.9,5.0,CTA до цілі 5% (скоринг 3)
2010,2014-10-31,cta,5.0,10.0,скоринг CTA 4 → 10%
2010,2014-11-14,equity,15.1,20.0,ISAC вище SMA200 13 днів — розширення акцій до 20%
2010,2014-11-14,cta,10.2,5.0,CTA до цілі 5% (скоринг 3)
2010,2014-12-05,equity,20.0,15.0,вихід із додаткових акцій: режим Стрес
2010,2014-12-19,cta,5.1,10.0,CTA до цілі 10% (скоринг 4)
2010,2015-01-23,cta,10.2,5.0,скоринг CTA 3 → 5%
2010,2015-01-30,cta,4.9,9.9,CTA до цілі 10% (скоринг 4)
2010,2015-02-13,cta,10.1,5.0,"зрізання CTA до 5%: DBMF і TLT у мінусі за 20 днів, кореляція за 60 днів > 0"
2010,2015-02-27,equity,14.5,19.5,ISAC вище SMA200 18 днів — розширення акцій до 20%
2010,2015-03-06,cta,5.2,8.4,CTA до цілі 15% (скоринг 6); покупку урізано: мінімум кешу 10%
2010,2015-03-13,equity,19.1,15.0,вихід із додаткових акцій: ISAC нижче SMA200
2010,2015-04-10,equity,15.3,20.0,ISAC вище SMA200 19 днів — розширення акцій до 20%
2010,2015-04-10,cta,8.4,5.0,CTA до цілі 5% (скоринг 3)
2010,2015-05-12,core,61.0,50.0,сходинка −7%: ядро −12.6% від піку 99.45
2010,2015-05-12,equity,21.1,15.0,"вихід із додаткових акцій: режим Стрес, ядро в сходинках продажу"
2010,2015-06-03,core,49.5,40.0,сходинка −14%: ядро −14.1% від піку 99.45
2010,2015-06-05,cta,5.0,10.0,скоринг CTA 6 → 15%
2010,2015-06-12,cta,9.8,5.0,CTA до цілі 5% (скоринг 5)
2010,2015-07-17,cta,4.9,9.9,CTA до цілі 15% (скоринг 6)
2010,2015-08-07,cta,9.9,5.0,CTA до цілі 5% (скоринг 2)
2010,2015-08-21,cta,5.1,10.0,скоринг CTA 4 → 10%
2010,2015-09-04,cta,10.3,15.0,скоринг CTA 6 → 15%
2010,2015-09-11,cta,14.9,10.0,CTA до цілі 10% (скоринг 4)
2010,2015-10-09,cta,9.7,5.0,CTA до цілі 5% (скоринг 3)
2010,2015-11-20,cta,5.1,10.0,скоринг CTA 4 → 10%
2010,2015-11-27,cta,10.1,5.0,скоринг CTA 3 → 5%
2010,2016-01-15,core,43.0,50.0,повернення в ядро: TLT вище SMA200 10 днів поспіль
2010,2016-03-11,core,50.0,60.0,повернення в ядро: TLT вище SMA200 48 днів поспіль; ядро відновлене — пік циклу скинуто
2010,2016-04-15,equity,13.4,18.4,ISAC вище SMA200 6 днів — розширення акцій до 20%
2010,2016-04-22,equity,18.9,23.9,ISAC вище SMA200 11 днів — розширення акцій до 25%
2010,2016-05-20,equity,23.2,15.0,вихід із додаткових акцій: ISAC вище SMA200 лише 1 дн.
2010,2016-05-27,equity,15.3,20.0,ISAC вище SMA200 6 днів — розширення акцій до 20%
2010,2016-07-01,equity,19.0,15.0,вихід із додаткових акцій: ISAC вище SMA200 лише 3 дн.
2010,2016-07-08,equity,14.8,19.8,ISAC вище SMA200 7 днів — розширення акцій до 20%
2010,2016-11-18,core,58.8,40.0,сходинка −14%: ядро −15.2% від піку 107.17
2010,2016-11-18,equity,22.5,15.0,"вихід із додаткових акцій: режим Стрес, ядро в сходинках продажу"
2010,2016-12-16,cta,4.5,9.5,CTA до цілі 15% (скоринг 6)
2010,2016-12-23,cta,9.4,5.0,CTA до цілі 5% (скоринг 6)
2010,2016-12-30,cta,5.0,10.0,CTA до цілі 10% (скоринг 4)
2010,2017-04-13,cta,9.6,5.0,CTA до цілі 5% (скоринг 3)
2010,2017-05-05,cta,4.9,9.9,CTA до цілі 10% (скоринг 4)
2010,2017-05-19,cta,9.7,5.0,CTA до цілі 5% (скоринг 3)
2010,2017-06-16,core,40.7,50.0,повернення в ядро: TLT вище SMA200 14 днів поспіль
2010,2017-06-30,core,49.8,60.0,повернення в ядро: TLT вище SMA200 24 днів поспіль; ядро відновлене — пік циклу скинуто
2010,2017-06-30,equity,16.6,20.0,ISAC вище SMA200 254 днів — розширення акцій до 20%
2010,2017-07-07,equity,20.2,25.0,ISAC вище SMA200 258 днів — розширення акцій до 25%
2010,2017-09-15,equity,25.4,15.0,база акцій 15%
2010,2017-09-22,equity,15.1,20.0,ISAC вище SMA200 312 днів — розширення акцій до 20%
2010,2017-09-29,equity,20.2,25.0,ISAC вище SMA200 317 днів — розширення акцій до 25%
2010,2018-02-02,equity,27.3,15.0,вихід із додаткових акцій: режим Стрес
2010,2018-02-02,cta,5.2,10.2,скоринг CTA 6 → 15%
2010,2018-02-07,core,57.1,50.0,сходинка −7%: ядро −7.1% від піку 99.29
2010,2018-02-09,cta,9.7,14.7,CTA до цілі 15% (скоринг 6)
2010,2018-02-16,cta,15.0,20.0,скоринг CTA 8 → 20%
2010,2018-02-23,cta,20.0,15.0,CTA до цілі 15% (скоринг 7)
2010,2018-03-02,cta,14.8,10.0,CTA до цілі 10% (скоринг 5)
2010,2018-03-29,cta,9.8,5.0,скоринг CTA 3 → 5%
2010,2018-04-06,cta,5.0,10.0,CTA до цілі 10% (скоринг 4)
2010,2018-04-20,cta,10.2,15.0,скоринг CTA 6 → 15%
2010,2018-04-27,cta,14.8,10.0,скоринг CTA 5 → 10%
2010,2018-06-29,cta,9.7,5.0,CTA до цілі 5% (скоринг 1)
2010,2018-07-13,core,51.1,60.0,повернення в ядро: TLT вище SMA200 12 днів поспіль; ядро відновлене — пік циклу скинуто
2010,2018-07-13,equity,14.5,19.5,ISAC вище SMA200 6 днів — розширення акцій до 20%
2010,2018-07-20,equity,19.7,24.7,ISAC вище SMA200 11 днів — розширення акцій до 25%
2010,2018-08-17,equity,24.5,15.0,вихід із додаткових акцій: ISAC вище SMA200 лише 2 дн.
2010,2018-08-24,equity,15.1,20.0,ISAC вище SMA200 7 днів — розширення акцій до 20%
2010,2018-08-31,equity,20.2,25.0,ISAC вище SMA200 12 днів — розширення акцій до 25%
2010,2018-10-05,core,58.1,50.0,сходинка −7%: ядро −7.3% від піку 96.28
2010,2018-10-05,equity,25.7,15.0,вихід із додаткових акцій: ядро в сходинках продажу
2010,2018-10-05,cta,5.4,10.4,CTA до цілі 20% (скоринг 8)
2010,2018-10-12,cta,10.1,15.0,CTA до цілі 15% (скоринг 6)
2010,2018-10-26,cta,15.0,10.0,CTA до цілі 10% (скоринг 4)
2010,2018-11-09,cta,9.8,5.0,скоринг CTA 3 → 5%
2010,2018-11-16,cta,4.9,9.9,скоринг CTA 4 → 10%
2010,2018-11-23,cta,10.0,5.0,CTA до цілі 5% (скоринг 3)
2010,2019-03-01,core,51.9,60.0,повернення в ядро: TLT вище SMA200 59 днів поспіль; ядро відновлене — пік циклу скинуто
2010,2019-03-01,equity,14.5,19.5,ISAC вище SMA200 10 днів — розширення акцій до 20%
2010,2019-03-08,equity,18.8,15.0,вихід із додаткових акцій: ISAC нижче SMA200
2010,2019-03-15,equity,15.4,20.0,ISAC вище SMA200 5 днів — розширення акцій до 20%
2010,2019-04-26,cta,4.8,9.3,скоринг CTA 4 → 10%; покупку урізано: мінімум кешу 10%
2010,2019-05-03,cta,9.3,5.0,CTA до цілі 5% (скоринг 2)
2010,2019-05-31,equity,18.5,15.0,вихід із додаткових акцій: ISAC нижче SMA200
2010,2019-06-07,cta,4.9,9.9,скоринг CTA 4 → 10%
2010,2019-06-28,equity,15.7,20.0,ISAC вище SMA200 19 днів — розширення акцій до 20%
2010,2019-06-28,cta,9.9,5.0,скоринг CTA 3 → 5%
2010,2019-07-05,cta,5.1,7.8,скоринг CTA 4 → 10%; покупку урізано: мінімум кешу 10%
2010,2019-07-19,cta,7.8,5.0,CTA до цілі 5% (скоринг 4)
2010,2019-08-09,cta,4.9,7.4,CTA до цілі 10% (скоринг 4); покупку урізано: мінімум кешу 10%
2010,2019-09-13,cta,7.4,5.0,CTA до цілі 5% (скоринг 5)
2010,2019-10-04,cta,5.1,7.1,CTA до цілі 10% (скоринг 4); покупку урізано: мінімум кешу 10%
2010,2019-10-18,cta,7.1,5.0,"зрізання CTA до 5%: DBMF і TLT у мінусі за 20 днів, кореляція за 60 днів > 0"
2010,2019-11-08,equity,20.3,15.0,база акцій 15%
2010,2019-11-15,equity,14.9,19.9,ISAC вище SMA200 117 днів — розширення акцій до 20%
2010,2019-12-20,cta,5.1,7.7,CTA до цілі 10% (скоринг 4); покупку урізано: мінімум кешу 10%
2010,2020-01-03,equity,20.3,15.0,річний ребаланс бази акцій до 15%
2010,2020-01-03,cta,7.6,5.0,CTA до цілі 5% (скоринг 2)
2010,2020-01-10,equity,15.1,20.0,ISAC вище SMA200 154 днів — розширення акцій до 20%
2010,2020-02-28,core,66.1,60.0,ядро до цілі 60%
2010,2020-03-06,cta,4.6,9.6,скоринг CTA 4 → 10%
2010,2020-03-13,cta,9.9,5.0,CTA до цілі 5% (скоринг 2)
2010,2020-07-10,equity,17.1,20.0,ISAC вище SMA200 9 днів — розширення акцій до 20%
2010,2020-11-13,cta,4.6,8.8,скоринг CTA 4 → 10%; покупку урізано: мінімум кешу 10%
2010,2020-11-27,equity,22.9,15.0,база акцій 15%
2010,2020-12-04,core,57.6,50.0,сходинка −7%: ядро −9.2% від піку 141.02
2010,2020-12-04,cta,8.9,13.9,скоринг CTA 6 → 15%
2010,2020-12-11,cta,13.8,10.0,CTA до цілі 10% (скоринг 4)
2010,2020-12-18,cta,10.2,15.0,CTA до цілі 15% (скоринг 6)
2010,2020-12-24,cta,14.8,10.0,CTA до цілі 10% (скоринг 4)
2010,2021-01-08,cta,10.5,15.0,CTA до цілі 15% (скоринг 7)
2010,2021-02-19,core,47.0,40.0,сходинка −14%: ядро −16.0% від піку 141.02
2010,2021-02-19,cta,15.8,20.0,скоринг CTA 8 → 20%
2010,2021-03-12,core,38.7,30.0,сходинка −20%: ядро −20.1% від піку 141.02
2010,2021-03-12,cta,20.9,25.0,скоринг CTA 10 → 25%
2010,2021-03-26,cta,24.6,20.0,скоринг CTA 8 → 20%
2010,2021-04-16,cta,20.0,15.0,CTA до цілі 15% (скоринг 7)
2010,2021-06-18,cta,14.8,10.0,скоринг CTA 5 → 10%
2010,2021-06-25,cta,10.2,15.0,CTA до цілі 15% (скоринг 7)
2010,2021-07-09,cta,14.8,10.0,CTA до цілі 10% (скоринг 5)
2010,2021-07-30,core,31.6,40.0,повернення в ядро: TLT вище SMA200 12 днів поспіль
2010,2021-08-06,cta,9.8,5.0,скоринг CTA 3 → 5%
2010,2021-08-13,core,39.8,50.0,повернення в ядро: TLT вище SMA200 22 днів поспіль
2010,2021-08-27,core,50.1,60.0,повернення в ядро: TLT вище SMA200 32 днів поспіль; ядро відновлене — пік циклу скинуто
2010,2021-08-27,equity,17.9,20.0,ISAC вище SMA200 295 днів — розширення акцій до 20%
2010,2021-09-03,equity,20.3,25.0,ISAC вище SMA200 300 днів — розширення акцій до 25%
2010,2021-12-06,equity,24.2,15.0,вихід із додаткових акцій: режим Стрес
2010,2021-12-17,equity,15.2,20.0,ISAC вище SMA200 373 днів — розширення акцій до 20%
2010,2022-01-07,cta,5.2,10.0,CTA до цілі 10% (скоринг 5)
2010,2022-01-21,equity,20.3,15.0,вихід із додаткових акцій: ISAC нижче SMA200
2010,2022-01-25,core,59.5,50.0,сходинка −7%: ядро −7.8% від піку 129.36
2010,2022-01-28,cta,10.2,15.0,CTA до цілі 15% (скоринг 7)
2010,2022-02-11,cta,15.4,20.0,скоринг CTA 8 → 20%
2010,2022-02-18,cta,19.7,15.0,CTA до цілі 15% (скоринг 7)
2010,2022-03-11,cta,16.3,20.0,CTA до цілі 20% (скоринг 8)
2010,2022-03-14,core,48.0,40.0,сходинка −14%: ядро −14.3% від піку 129.36
2010,2022-03-25,cta,20.9,25.0,CTA до цілі 25% (скоринг 10)
2010,2022-04-14,core,36.9,30.0,сходинка −20%: ядро −21.3% від піку 129.36
2010,2022-04-29,cta,27.3,20.0,скоринг CTA 9 → 20%
2010,2022-05-06,cta,20.8,25.0,CTA до цілі 25% (скоринг 10)
2010,2022-05-13,cta,24.8,20.0,CTA до цілі 20% (скоринг 9)
2010,2022-06-17,cta,20.7,25.0,CTA до цілі 25% (скоринг 10)
2010,2022-07-01,cta,24.4,20.0,CTA до цілі 20% (скоринг 8)
2010,2022-07-29,cta,19.3,15.0,CTA до цілі 15% (скоринг 6)
2010,2022-08-12,cta,14.9,10.0,CTA до цілі 10% (скоринг 5)
2010,2022-08-19,cta,10.3,15.3,скоринг CTA 8 → 20%
2010,2022-08-26,cta,15.3,20.0,скоринг CTA 8 → 20%
2010,2022-09-30,cta,22.0,25.0,CTA до цілі 25% (скоринг 10)
2010,2022-10-28,cta,25.3,20.0,CTA до цілі 20% (скоринг 9)
2010,2022-11-11,cta,18.8,15.0,CTA до цілі 15% (скоринг 6)
2010,2022-12-09,cta,14.2,10.0,скоринг CTA 4 → 10%
2010,2022-12-30,cta,10.3,15.0,CTA до цілі 15% (скоринг 6)
2010,2023-01-13,cta,14.3,10.0,CTA до цілі 10% (скоринг 4)
2010,2023-01-27,cta,10.0,5.0,CTA до цілі 5% (скоринг 3)
2010,2023-02-03,cta,4.9,9.9,скоринг CTA 4 → 10%
2010,2023-02-24,cta,10.3,15.0,CTA до цілі 15% (скоринг 6)
2010,2023-03-10,cta,14.3,5.0,скоринг CTA 3 → 5%
2010,2023-04-14,core,27.7,40.0,повернення в ядро: TLT вище SMA200 10 днів поспіль
2010,2023-06-30,cta,5.0,10.0,CTA до цілі 10% (скоринг 4)
2010,2023-07-14,cta,9.9,5.0,CTA до цілі 5% (скоринг 2)
2010,2023-07-28,cta,5.1,10.0,скоринг CTA 5 → 10%
2010,2023-08-04,cta,10.1,15.0,CTA до цілі 15% (скоринг 6)
2010,2023-08-11,core,37.3,30.0,сходинка −20%: ядро −35.5% від піку 129.36
2010,2023-08-25,cta,15.3,20.0,CTA до цілі 20% (скоринг 8)
2010,2023-09-01,cta,19.9,15.0,скоринг CTA 7 → 15%
2010,2023-09-22,cta,15.5,20.0,CTA до цілі 20% (скоринг 8)
2010,2023-10-27,cta,20.8,25.0,CTA до цілі 25% (скоринг 10)
2010,2023-11-03,cta,24.0,15.0,CTA до цілі 15% (скоринг 6)
2010,2023-11-24,cta,14.6,10.0,CTA до цілі 10% (скоринг 5)
2010,2023-12-15,cta,9.3,5.0,CTA до цілі 5% (скоринг 2)
2010,2023-12-29,core,30.7,40.0,повернення в ядро: TLT вище SMA200 12 днів поспіль
2010,2024-01-12,core,39.4,50.0,повернення в ядро: TLT вище SMA200 21 днів поспіль
2010,2024-01-19,cta,5.2,10.0,скоринг CTA 4 → 10%
2010,2024-01-26,core,49.1,30.0,сходинка −20%: ядро −35.6% від піку 129.36
2010,2024-02-02,cta,10.0,5.0,CTA до цілі 5% (скоринг 0)
2010,2024-02-09,cta,5.0,10.0,скоринг CTA 4 → 10%
2010,2024-03-08,cta,10.0,5.0,CTA до цілі 5% (скоринг 1)
2010,2024-04-05,cta,5.4,10.0,CTA до цілі 10% (скоринг 5)
2010,2024-04-19,cta,10.2,15.0,CTA до цілі 15% (скоринг 7)
2010,2024-05-03,cta,14.7,10.0,скоринг CTA 5 → 10%
2010,2024-05-10,cta,10.1,5.0,CTA до цілі 5% (скоринг 3)
2010,2024-05-31,cta,5.0,10.0,CTA до цілі 10% (скоринг 4)
2010,2024-06-07,cta,9.9,5.0,CTA до цілі 5% (скоринг 3)
2010,2024-06-14,core,29.6,40.0,повернення в ядро: TLT вище SMA200 10 днів поспіль
2010,2024-06-21,cta,5.0,10.0,CTA до цілі 10% (скоринг 4)
2010,2024-06-28,core,39.0,50.0,повернення в ядро: TLT вище SMA200 19 днів поспіль
2010,2024-06-28,cta,10.2,5.0,CTA до цілі 5% (скоринг 2)
2010,2024-07-19,core,50.3,60.0,повернення в ядро: TLT вище SMA200 13 днів поспіль; ядро відновлене — пік циклу скинуто
2010,2024-07-26,equity,18.4,23.4,ISAC вище SMA200 182 днів — розширення акцій до 25%
2010,2024-08-07,equity,22.5,15.0,вихід із додаткових акцій: режим Стрес
2010,2024-08-23,equity,15.5,20.0,ISAC вище SMA200 202 днів — розширення акцій до 20%
2010,2024-09-09,equity,19.3,15.0,вихід із додаткових акцій: режим Стрес
2010,2024-09-20,equity,15.6,20.0,ISAC вище SMA200 221 днів — розширення акцій до 20%
2010,2024-10-09,equity,20.8,15.0,вихід із додаткових акцій: режим Стрес
2010,2024-10-21,core,59.8,50.0,сходинка −7%: ядро −8.7% від піку 92.44
2010,2025-01-10,cta,4.7,9.7,скоринг CTA 6 → 15%
2010,2025-01-17,cta,9.6,14.6,CTA до цілі 15% (скоринг 7)
2010,2025-01-24,cta,14.3,10.0,скоринг CTA 4 → 10%
2010,2025-02-28,cta,9.5,5.0,CTA до цілі 5% (скоринг 3)
2010,2025-03-07,cta,5.0,10.0,CTA до цілі 10% (скоринг 4)
2010,2025-03-21,cta,10.0,5.0,CTA до цілі 5% (скоринг 3)
2010,2025-04-11,cta,5.1,10.1,CTA до цілі 15% (скоринг 6)
2010,2025-04-17,cta,10.1,15.0,скоринг CTA 6 → 15%
2010,2025-04-25,cta,15.0,10.0,CTA до цілі 10% (скоринг 4)
2010,2025-05-02,cta,9.9,14.9,скоринг CTA 6 → 15%
2010,2025-05-09,cta,15.0,10.0,CTA до цілі 10% (скоринг 4)
2010,2025-05-23,core,48.0,40.0,сходинка −14%: ядро −14.2% від піку 92.44
2010,2025-05-23,cta,10.1,5.0,CTA до цілі 5% (скоринг 6)
2010,2025-05-30,cta,4.9,9.9,CTA до цілі 15% (скоринг 6)
2010,2025-06-06,cta,10.0,15.0,CTA до цілі 15% (скоринг 6)
2010,2025-06-20,cta,15.1,10.0,CTA до цілі 10% (скоринг 4)
2010,2025-08-01,cta,9.8,5.0,CTA до цілі 5% (скоринг 3)
2010,2025-08-15,cta,5.1,10.0,скоринг CTA 4 → 10%
2010,2025-08-22,cta,10.0,5.0,CTA до цілі 5% (скоринг 3)
2010,2025-08-29,cta,5.0,10.0,скоринг CTA 4 → 10%
2010,2025-09-05,cta,10.0,5.0,CTA до цілі 5% (скоринг 3)
2010,2025-09-19,core,40.3,50.0,повернення в ядро: TLT вище SMA200 13 днів поспіль
2010,2025-10-03,core,50.0,60.0,повернення в ядро: TLT вище SMA200 23 днів поспіль; ядро відновлене — пік циклу скинуто
2010,2025-10-03,equity,17.3,20.0,ISAC вище SMA200 108 днів — розширення акцій до 20%
2010,2026-03-13,cta,6.0,10.0,CTA до цілі 10% (скоринг 4)
2010,2026-03-20,equity,20.0,25.0,ISAC вище SMA200 223 днів — розширення акцій до 25%
2010,2026-03-20,cta,9.8,5.0,"зрізання CTA до 5%: DBMF і TLT у мінусі за 20 днів, кореляція за 60 днів > 0"
2010,2026-03-26,equity,24.9,15.0,вихід із додаткових акцій: режим Стрес
2010,2026-04-02,cta,5.0,10.0,скоринг CTA 5 → 10%
2010,2026-04-10,cta,10.0,5.0,CTA до цілі 5% (скоринг 4)
2010,2026-04-17,equity,16.1,20.0,ISAC вище SMA200 12 днів — розширення акцій до 20%
2010,2026-04-24,equity,19.9,24.9,ISAC вище SMA200 17 днів — розширення акцій до 25%
2010,2026-07-31,core,56.8,50.0,сходинка −7%: ядро −7.7% від піку 88.09
2010,2026-07-31,equity,26.3,15.0,вихід із додаткових акцій: ядро в сходинках продажу
2010,2026-07-31,cta,5.1,10.1,скоринг CTA 6 → 15%
2010,2026-08-14,cta,10.2,15.0,CTA до цілі 15% (скоринг 7)
2010,2026-08-28,cta,14.9,10.0,CTA до цілі 10% (скоринг 5)
2010,2026-09-11,cta,10.3,15.3,CTA до цілі 20% (скоринг 9)
2010,2026-09-18,cta,15.4,20.0,CTA до цілі 20% (скоринг 9)
2010,2026-09-25,cta,20.3,25.0,CTA до цілі 25% (скоринг 10)
